id,name,email,admissionsContact,phone,contactPageUrl,notFound
cmr8bgr330003vkmzf8x0h8tt,Aardvark Israel,info@aardvarkisrael.com,,+972 52 429 3681,https://aardvarkisrael.com/contact/,FALSE
cmr8bgral0012vkmzddflmkpc,Achvat Amim,elly@achvatamim.org,,,https://www.achvatamim.org/contact--newsletter.html,FALSE
cmrx63wwt0000fqmzf9nnftxv,Aish Gesher Women,efgwomen@aish.com,,,https://aishgesherwomen.com/,FALSE
cmr9qk0010028rumzkgh8qo64,Aish HaTorah – Aish Gesher,yeshiva@aish.com,,973-833-3313,https://yeshiva.aish.com/entry-programs/,FALSE
cmrapcvd1000ebkmzta6g8naw,Aish HaTorah – Essentials Program,info@aish.com,,973-833-3313,https://about.aish.com/contact/,FALSE
cmr9qk4qf002arumz9vhu26n1,Aish HaTorah – Foundations Program,yeshiva@aish.com,,973-833-3313,https://yeshiva.aish.com/entry-programs/,FALSE
cmr8qclp60010jbmzrs23ryrp,Alexander Muss High School in Israel (AMHSI),discover@amhsi.org,,800.327.5980,https://www.amhsi.org/discover,FALSE
cmrwiyk5u0002s2mz2r49ptld,Amijai (World Bnei Akiva),office@worldbneiakiva.org,,+972-2-620-9012,https://www.worldbneiakiva.org/amijai,FALSE
cmrx6w74k00000zmzruxk5l2z,Amlat Program (Midreshet Lindenbaum),,,,,TRUE
cmr8qc13h000ojbmzuk81kmr0,APF Medical & Nursing Volunteer Program,info@apfmed.org,,617-232-5382,https://apfmed.org/programs/volunteer-in-israel/,FALSE
cmr8qc69d000tjbmzgb9bswu3,Arava Institute for Environmental Studies,info@arava.org,admissions@arava.org,972-8-6356618,https://arava.org/apply-2/,FALSE
cmra8em5m00062wmz2o0hxd5u,Arevim - Masa Year of Service,yuvalc@hholamit.org.il,,+972 5096 61500,https://www.hholamit.org.il/en/arevim/,FALSE
cmr9qe84d0002rumz60jxa6st,Ariel University International Program,,,,,TRUE
cmr8qbcdd000bjbmz0jpqs95c,Artzi,,,,,TRUE
cmrapglrf001ybkmzqm5fqfoc,Ateres Bnos Yerushalayim,,,,,TRUE
cmrx642sd000afqmzdhhq60cr,B'nos Avigail,dkass@nevey.org,,++972-2-654-4553,https://www.tziporahhellergottlieb.com/bnos-avigail-seminary.html,FALSE
cmrapf8zx001dbkmz6a077g00,Baer Miriam,office@baermiriam.com,,,https://www.baermiriam.com,FALSE
cmrk7cds90000kimz9rfszawd,Baer Miriam (Ma'ayanot),office@baermiriam.com,,,https://www.baermiriam.com,FALSE
cmrk7cl1w000akimz7nw6tw73,Bais Medrash L'Torah (Portnoy's Yeshiva),office@portnoys.org,,+972-2-500-0201,https://bmly.org/contact/,FALSE
cmrhjphqn0000cemzv0jt0pax,Bar-Ilan University International MBA,,,972-3-531-7914,https://imba.biu.ac.il/,FALSE
cmrbviu7y00052gmz2i9txx6m,Bar-Ilan University-Yeshiva University Summer Science Research Internship,,,,,TRUE
cmrapcd210006bkmznam0fbox,Bat Ayin Yeshiva,,,,,TRUE
cmrwji7w50000q3mz2bipt4na,Batsheva Summer Dance Course,batsheva@batsheva.co.il,education@batsheva.co.il,03-5171471 Ext. 115,https://batsheva.co.il/en/summer-course/,FALSE
cmr8bgrq10030vkmzh537u67j,BBYO Passport: Israel Journey,info@bbyo.org,bbyosummer@bbyo.org,202-857-6633,https://bbyo.org/about/contact-us/,FALSE
cmr8bgrq90031vkmzfwvlj14u,BBYO Passport: Israel Trek,info@bbyo.org,bbyosummer@bbyo.org,202-857-6633,https://bbyo.org/about/contact-us/,FALSE
cmrwix5my0002kymz3vwu7doy,Beit Berl College Student Exchange Program,,,*9121,https://www.beitberl.ac.il/international/international-students/?lang=en,FALSE
cmr9qklz6002grumz0g518rfa,Beit Chana Seminary (Tzfat) – Chul Program,Seminaryregistration@beitchana.org,,073-255-0300,https://www.beitchana.org/en/seminary-registrationchulprogram/,FALSE
cmrepg3xn0010pdmzgnkfpi2g,Beit Midrash Reuta (Carmel),yreuta3@gmail.com,,02-9605545,https://reuta.org/,FALSE
cmrepgfx0001mpdmz6ge4uo39,Beit Orot (Jerusalem),,,+972534246257,https://beit-orot.com/en/home/,FALSE
cmr8qb6l90007jbmz3cmxrbdj,Bezalel Academy of Arts and Design - Student Exchange Program,admission@bezalel.ac.il,,02-5893222,https://www.bezalel.ac.il/en/about/contact,FALSE
cmr9qfcq5000irumz3dsujbv0,Big Idea Gap Year,info@aardvarkisrael.com,,+972-52-429-3681,https://aardvarkisrael.com/big-idea/,FALSE
cmr8bgr4y000bvkmzq5pd8b0n,BINA Gap Year,taylor@bina.org.il,,(+972) 52-603-3665,https://www.bina.org.il/gap-gap/,FALSE
cmr7sl7ko0005w9mz4offzxck,Birthright Israel,,,,,TRUE
cmr9qf15c000erumzi1qwntt5,Birthright Israel Excel Fellowship,,,,,TRUE
cmraphjkv002cbkmzkiulhx8b,Bnei Akiva Olamit: Shalem,office@worldbneiakiva.org,,+972 2 620 9012,https://www.worldbneiakiva.org,FALSE
cmrdh24jd000004l5vzmnb27q,Bnei David (Eli),,,02-9947888,https://bneidavid.org/%d7%91%d7%95%d7%90%d7%95-%d7%9c%d7%a2%d7%a9%d7%95%d7%aa-%d7%a9%d7%91%d7%95%d7%a9-%d7%91%d7%9e%d7%95%d7%a1%d7%93%d7%95%d7%aa-%d7%91%d7%a0%d7%99-%d7%93%d7%95%d7%93/,FALSE
cmraph64c0026bkmztwtvcrod,Bnos Chava Seminary,,,,,TRUE
cmraph18y0024bkmzm8nsey8s,Bnos Sarah Seminary,,,,,TRUE
cmrwiwpiq0004inmz4rhtkvfw,Bnot Sherut Bodedot Program,sherutleumi@nbn.org.il,,02-659-5800,https://www.nbn.org.il/ori-bnot-sherut-bodedot/,FALSE
cmra8gxll000z2wmzj00u4yy8,Buchmann-Mehta School of Music International Program,interprog@tauex.tau.ac.il,,,https://en-arts.tau.ac.il/Music/Inter-Prog,FALSE
cmra8iyrk000g7fmzwpzbmp3l,CAMERA Fellows - Student Leadership and Advocacy Mission to Israel,,,,,TRUE
cmr8bgr6h000ivkmzvwx0mi4v,Career Israel,michellek@israelexperience.org,,,https://www.careerisrael.com/contact-us/,FALSE
cmrapcrem000cbkmztgno83j8,Chai Israel,,,,,TRUE
cmrapeujy0017bkmzu7riufez,Chasedei Breslov Yeshiva,,,,,TRUE
cmrx64sf40002icmzmdlvw2z3,Chaya Mushka Seminary (Ohr Chaya),,,+972-52-593-4722,https://orchaya.org.il/,FALSE
cmrapgrfo0020bkmzp7sujzq8,Chemdas Bais Yaakov,,,,,TRUE
cmr8bgrju0026vkmzh1qdxmby,Chevron Yeshiva (Knesset Yisrael),office@chevron.org.il,,+972-2-620-9331,https://chevronyeshiva.org/,FALSE
cmrwix6t90004kymzrs4uo744,College of Law and Business (CLB) Bilingual LL.B for English Speakers,rishum@clb.ac.il,,*6188,https://clb.ac.il/en/,FALSE
cmra8ea5j00022wmzlzjsqpjw,Conservative Yeshiva,info@fuchsbergcenter.org,,+972-2-625-6386,https://fuchsbergcenter.org/long-term/,FALSE
cmr8bgrso003fvkmz493thgvg,CTeen Summer: Heritage Quest (Poland-Israel),Summer@CTeen.com,,718-887-9721,https://www.cteensummer.com/,FALSE
cmrace6ph0006b1mzfzsr4r4y,Darchei Binah,sf@infodbi.com,,USA 718-252-6017 / Israel 02-641-0266,https://darcheibinah.org/,FALSE
cmrem7zww001srvmz61r5n7z9,Derech Eretz,development@derecheretz.org.il,,+972-54-761-5329,https://derecheretz.org.il/en/,FALSE
cmrhjllgt00043hmzh5k2v6of,Destination Israel,advisor@destinationisrael.com,,,https://www.destinationisrael.com/,FALSE
cmr9qkt0g002irumzicfxeot9,Diaspora Yeshiva – Gap Year Program,info@diasporayeshiva.com,,+1 (213) 255-3675,https://diasporayeshiva.com/contact/,FALSE
cmr8bgrqr0034vkmzhkwis3v5,Diller Teen Fellows Israel Summer Seminar,info@dillerteenfellows.org,,(415) 512-6239,https://dillerteenfellows.org/,FALSE
cmrapcnfd000abkmzzffrvsml,Dvar Yerushalayim,Dvar@dvar.org.il,,(972) 2-652-2817,https://dvar.org.il,FALSE
cmr8qcgk5000xjbmzi0hxsr5v,Eco-Israel Program,,,,,TRUE
cmr8bo6b00015hdmzfshu4egd,Ein Prat Academy for Leadership,giyusim@einprat.org,,,https://ein-prat.com/?lang=en,FALSE
cmrwivqde0000fxmzr9hzeti6,El-Araj (Bethsaida-Julias) Excavation Project,notley@gmail.com,,845-300-5797,https://www.bethsaida-julias.com/home,FALSE
cmra8fy1j000n2wmzb83yu4hh,ELI Gap Year Program,gapintl@tauex.tau.ac.il,,,https://international.tau.ac.il/eli-gap-year,FALSE
cmra8gsj0000x2wmzvyiaeb3c,Emunah College - Faculty of Arts and Design,,Registration Department: 02-6239586 | 052-5264519,02-6733767,https://emuna.emef.ac.il/english/,FALSE
cmrapilci002ubkmzr7k7i622,En-Gedi Oasis Archaeological Project,avi.mashiach@mail.huji.ac.il,,,https://www.archaeological.org/fieldwork/en-gedi-oasis-archaeological-project/,FALSE
cmra8h63i00142wmzhls5v5j9,EYAHT - Aish HaTorah College for Women,webmaster@aish.com,,972-073-229-3400 ext. 0,https://aish.com/contact/,FALSE
cmra8etzg00082wmzjf1idlth,FZY Year Course,office@fzy.org.uk,,020 8201 6661,https://www.fzy.org.uk/,FALSE
cmrls7acj0004eimzsmbamjq3,Garin Mahal,,,"052-860-0062 (Director, Baruch Tretiak)",https://garinmahal.com/contactus,FALSE
cmr8bo6di001ihdmzyzna575r,Garin Tzabar,garintzabar@israelscouts.org,,+972 54 244 1192,https://garintzabar.org/,FALSE
cmr8bo69f000whdmz9tq77hml,Ginsburg-Ingerman Overseas Student Program (OSP),,,+972-8-646-1144 (Israel office); 800-96-AABGU / 212-687-7721 ext. 2102 (North America office),http://www.bgustudyabroad.org/admissions-tuition/application-information/,FALSE
cmrwiz1w00000ujmzx3zgjxyb,Gur Arie (Betar),info@betar.org.il,yehuda@betar.org.il,02-6792954,https://betar.org.il/en/gur-arie/,FALSE
cmrbvjgu6000i2gmz2vrlb7ed,Habonim Dror Australia - Shnat,shnat@hdoz.com,,,https://www.hdoz.com/shnat,FALSE
cmrwiylcm0004s2mz4dijnrog,Habonim Dror Latin America - Shnat,,,,,TRUE
cmracdrlp0000b1mzi1avvyft,Habonim Dror Southern Africa - Shnat,,,,,TRUE
cmra8ezyh000a2wmzgtrczjed,Habonim Dror UK - Shnat,office@habodror.org.uk,leche@habodror.org.uk,0208 209 2111,https://habodror.org.uk/contacts/,FALSE
cmr8bgr8d000rvkmz0je8h5x8,Habonim Dror Workshop,programs@habonimdror.net,,(267) 908-7005,https://www.hdnaisrael.org/contact,FALSE
cmr9qg2ug000srumz8ejvele3,Hadassah Medical Center Volunteer Program,intlcommunications@hadassah.org,,,https://hadassahinternational.org/where-we-are/contact-us/,FALSE
cmrwiw2fj000ifxmznhiaosib,HaMechina HaChadasha BeLod (The New Academy in Lod),Mechinahadasha@gmail.com,,052-346-0066,https://mechinat-lod.co.il/,FALSE
cmrwivysn000cfxmzsi9fgaxr,HaMechina HaMadait (Scientific Pre-Military Academy),info@hamadait.org.il,,08-934-6931,https://hamadait.org.il/,FALSE
cmra8fqgj000l2wmzmlg7cxkw,Hasbara Fellowships Israel Training Program,info@hasbarafellowships.org,,(646) 365-0030,https://hasbarafellowships.org/israel-program-application/,FALSE
cmra8i9pv00087fmz076cc5uu,Hashomer Hatzair Shnat Hachshara,,,(917) 575-3973,https://campshomria.com/pages/israel-programs,FALSE
cmrx6448v000cfqmzplx4i3l8,Havineini Bais Yaakov,havineini@gmail.com,,,https://havineinibaisyaakov.com/shana-alef/,FALSE
cmrapi4ft002mbkmznpprc3n7,Hazor Excavations,hazor.excavations@mail.huji.ac.il,,,https://www.hazor-excavations.org,FALSE
cmrhjpk6s0004cemzotrf1a6m,Hebrew University Business School - Med-Tech Innovation MBA,imba@savion.huji.ac.il,rubama@savion.huji.ac.il,972-2-5883217,https://imba.huji.ac.il/contact,FALSE
cmrhjpj4j0002cemzi1ag72c3,Hebrew University Business School - StartUp 360 MBA,imba@savion.huji.ac.il,rubama@savion.huji.ac.il,972-2-5883217,https://imba.huji.ac.il/contact,FALSE
cmrapdbmz000kbkmzt4xp3nap,Heichal Yerushalayim,HeichalYerushalayim@gmail.com,,055-500-3046,https://heichalyerushalayim.com/contact-us,FALSE
cmrepfw5x000mpdmzysp7abk1,Hesder Yeshiva Akko,boaz.yakko@gmail.com,,04-9913212,https://yakko.co.il/,FALSE
cmra8efae00042wmz60j4kdj3,Hevruta Gap-Year Program,,,+972 2 567 5320,https://www.hartman.org.il/contact-us/,FALSE
cmrapibvw002qbkmzqx2beee2,Hippos-Sussita Excavations,hippos.sussita@gmail.com,,,https://www.dighippos.com/join,FALSE
cmra8hmkf00007fmz01bkw4q8,HUC-JIR Year-in-Israel,jerusalem@huc.edu,,02-620-3333,https://huc.edu/contact-us/,FALSE
cmrk7ci9a0006kimzpazj61g2,Imrei Binah,yeshivaimreibina@gmail.com,,+972-2-581-3442,https://www.imreibinah.com/,FALSE
cmrwjiacb0004q3mzq8m3t90n,International Masterclasses Course for String Players,info@jmc.org.il,,02-6234347,https://www.jmc.org.il/en/international_masterclasses_course/,FALSE
cmrbvj317000b2gmzeyt1g4ph,Interuniversity Institute for Marine Sciences (IUI) Eilat - Intensive Courses,sivan.yakar@mail.huji.ac.il,,08-6360111,https://iui-eilat.huji.ac.il/en/home,FALSE
cmracfchn000ub1mzvxaxp91x,Israel Free Spirit,,,212-613-8299,https://www.israelfreespirit.com/contact,FALSE
cmra8fm18000i2wmz13iwdc7h,Israel Government Fellows (IGF),Offices@begincenter.org.il,,02-5652020,https://www.begincenter.org.il/begins-heritage/israel-government-fellows/?lang=en,FALSE
cmra8h1lu00122wmzwc5xk9yh,Israel Lacrosse Gap Year Program,info@lacrosse.co.il,,,https://www.lacrosse.co.il/contact/,FALSE
cmrhjtmn90000m5mzdi4qvt02,Israel Outdoors,,,,,TRUE
cmracend4000eb1mz266i7dhh,Israel Tech Challenge Fellows Program,masainfo@masaisrael.org,,,https://masaisrael.org/contact-us/,FALSE
cmr8bo68g000rhdmzlh7kcbyb,Israel XP (Bar-Ilan University Overseas Student Program),info@israelxp.com,,972-3-5317000,https://israelxp.com/about-us/contact-us/,FALSE
cmraphfsc002abkmzv04ijq2p,Isralight,,,011.972.2.627.4890,https://www.isralight.org/contact/,FALSE
cmrepfjlz0000pdmzstgf7pof,JCC Maccabi Israel Sports Tour,jccmaccabi@jcca.org,,(212) 532-4949,https://jccmaccabi.org/contact/,FALSE
cmrx63y620002fqmz8w8yiee6,Jean Schottenstein Oryah Institute (JSOI),Office@oryah.org,,02-6285885,https://jsoinstitute.org/about-us,FALSE
cmr9qejw80006rumzt9e8ag41,Jerusalem Academy of Music and Dance – DanceJerusalem,,,+972526633233,https://jamd.ac.il/en,FALSE
cmra8gd9t000r2wmzrfavomw4,Jerusalem College of Technology - International English Speakers Program,esp@jct.ac.il,,+972-2-675-1011,https://www.jct.ac.il/international/,FALSE
cmraphnsa002ebkmz473konda,JEWEL for Women,,,,,TRUE
cmra8ht4l00027fmzmzelhjni,JTS Israel Year,publicity@jtsa.edu,admissions@jtsa.edu,212-678-8000,https://www.jtsa.edu/contact/,FALSE
cmr9qik8n001orumz7f50tzu4,Kadima (World Bnei Akiva),office@worldbneiakiva.org,,+972 2 620 9012,https://www.worldbneiakiva.org/contact-us,FALSE
cmrwji9980002q3mzdqkmbk91,KCDC Kibbutz Summer Intensive,,,+972-52-2863400,https://kcdc.co.il/en/course/kibbutz-summer-intensive/,FALSE
cmr8qcbeq000wjbmzwfornwop,Kibbutz Lotan Green Apprenticeship,office@klotan.co.il,admissions@klotan.co.il,+972-8-6356888,https://kibbutzlotan.com/en/ga_en/,FALSE
cmracf4gx000nb1mzvfmcae8h,Kibbutz Program Center (KPC),kpc@kibbutzvolunteers.org.il,,972-3-5246154,https://kibbutzvolunteers.org.il/form/contact,FALSE
cmr9qja5n001yrumzrfaakkpq,Kibbutz Ulpan,info@kibbutzulpan.org,,+972-(0)532203985,https://kibbutzulpan.org/contact/,FALSE
cmrwix4ey0000kymzaptzp7ri,Kinneret College International MSc in Water Industry Engineering,international@kinneret.ac.il,,,https://international.kinneret.ac.il/kinneret/,FALSE
cmrk7cpga000gkimzjm40mpsy,Kisse Rahamim Yeshivah,,,03-6767163,https://www.ykr.org.il/,FALSE
cmr8bgr470008vkmz0r7653ff,Kivunim,info@kivunim.org,admissions@kivunim.org,,https://www.kivunim.org/admissions,FALSE
cmra8fg9l000g2wmzcv83erkn,Kol Ami Mechina,,,,,TRUE
cmrv41fhn0002gsmz5fpf4l2o,Kollel Nefesh HaChaim,,,+972 (0) 2 991-9183,https://nefeshhachaim.org/contact-us/,FALSE
cmrwixtra0004njmz9db8v8qs,Krav Maga Instructor's Course (Wingate/Levinsky-Wingate Academic Center),,,,,TRUE
cmrx6w8mo00020zmz9elot2jb,Lapidot Advanced Beit Midrash for Women,RabbanitShani@mizrachi.org,,,https://mizrachi.org/lapidot/,FALSE
cmrwivrv40002fxmz7x5c7ku7,Legio Excavation (Jezreel Valley Regional Project),jezreelvalleyrp@gmail.com,,,https://www.jezreelvalleyregionalproject.com/legio,FALSE
cmr9qfxz8000qrumzep6r00zl,Leket Israel Volunteer Program,,,,,TRUE
cmra8imcz000c7fmzglo0ybfy,Limmud (World Bnei Akiva),office@worldbneiakiva.org,,+972 2 620 9012,https://www.worldbneiakiva.org/contact-us,FALSE
cmr7sl7nw000qw9mzugtq46bp,Livnot U'Lehibanot,info@livnot.org,,+972543043029,https://livnot.org/about/contact,FALSE
cmrx645ig000efqmzpp62lbba,Maalot Yerushalayim,maalot@nevey.org,,972-2-654-4548,https://maalot.nevey.org/contact-us,FALSE
cmrwiz35m0002ujmzfq9ctf2f,Mabat VeMedia (Masa Betar),info@betar.org.il,masachama@betar.org.il,02-6792954,https://betar.org.il/es/mabat-vemedia-spa/,FALSE
cmra8faw6000e2wmzoyllelyd,Maccabi Gap Year,,,,,TRUE
cmrwjp9ee0000cgmzyn7cgwg7,Maccabi Israel Sports XP,info@maccabi.org,,+972-3-6715722,https://www.maccabi.org/contact,FALSE
cmr8bgrpm002yvkmza38qbk5s,Mach Hach BaAretz,machhach@bneiakiva.org,,212-465-9536,https://machhachbaaretz.org/contact,FALSE
cmrkzseoo000104l7r56tn70r,Machal Overseas Army Program,,,,,TRUE
cmr8bgrs3003bvkmzu2x6770r,Machaneh Bonim B'Israel (MBI),programs@habonimdror.net,,267-908-7005,https://www.hdnaisrael.org/contact,FALSE
cmr8qd57r001bjbmzbsbpk3h2,Machon Alte - Seminary Chaya Mushka,,,+972-53-950-8448,https://www.machonalte.com,FALSE
cmrx63z8h0004fqmzzboje6px,Machon Bnos Yehuda (BYA),usoffice@mbyseminary.com,,732-813-3230,https://www.mbyseminary.com/,FALSE
cmr8bo6410009hdmzoldc864q,Machon Maayan,office@machonmaayan.org,,08-851-1851,https://machonmaayan.org/contact/,FALSE
cmr8bgrgw001tvkmz74jft5t2,Machon Meir,english1@emeir.org.il,,02-646-1317,https://machonmeir.net,FALSE
cmrapgfwz001wbkmzgl9uqv52,Machon Raaya,,,,,TRUE
cmrapgauw001ubkmz81r6lh2s,Machon Roni,info@diasporayeshiva.org,,+1-213-255-3675,https://diasporayeshiva.org/contact,FALSE
cmrapgw9e0022bkmzkje95713,Machon Sara Yerushalayim (MSY),office@machonsara.org,,212-814-3224,https://machonsara.org,FALSE
cmr9qkeee002erumz15j86us4,Machon Shlomo,machonshlomo@meor.org,,,https://machonshlomo.org/,FALSE
cmrapbyrs0000bkmzx5os8otg,Machon Yaakov,office@machonyaakov.org,,+972-2-654-0112,https://www.machonyaakov.org,FALSE
cmrwjpap80002cgmz512redo4,March of the Living: Young Professional Program,motl@motl.org,,,https://motl.org/contact,FALSE
cmrwix7zz0006kymz8eaanju6,Masa Fast Track Pro,masainfo@masaisrael.org,mymasa@masaisrael.org,,https://www.masaisrael.org/contact-us/,FALSE
cmrhjlj5r00003hmzttyk3i6h,Masa Israel Journey,masainfo@masaisrael.org,mymasa@masaisrael.org,,https://www.masaisrael.org/contact-us/,FALSE
cmr8bgr5t000fvkmz74kmfj5r,Masa Israel Teaching Fellows (MITF),masainfo@masaisrael.org,mymasa@masaisrael.org,,https://www.masaisrael.org/contact-us/,FALSE
cmrwiw806000sfxmzds5wcpvl,Masa Magen David Adom EMT Volunteer Program,masainfo@masaisrael.org,mymasa@masaisrael.org,,https://www.masaisrael.org/contact-us/,FALSE
cmrv40xu60000gsmzls009lep,Matan – The Sadie Rennert Women's Institute for Torah Studies,,,,,TRUE
cmrhjtnxk0002m5mznbbv57jg,Mayanot,info@mayanotisrael.com,,+1-888-629-2668,https://mayanotisrael.com/,FALSE
cmr8qd0om0019jbmzuqitbz85,Mayanot Post-High-School Program (Men),mayanot@mayanot.edu,,(212) 980-3414,https://mayanot.edu,FALSE
cmrapfq2d001lbkmzvyjut35o,Mayanot Women's Program,mayanot@mayanot.edu,wp@mayanot.edu,(212) 980-3414,https://www.mayanot.edu/programs_women.asp,FALSE
cmr8bo6g1001yhdmzh8xks4dm,MDA Overseas Volunteers Program,info@afmda.org,agardy@afmda.org,866.632.2763,https://afmda.org/volunteer-overseas/,FALSE
cmrx640fd0006fqmzo6ji6vt3,Me'ohr Bais Yaakov,office@meohr.org,,02-630-0900,https://meohr.com/,FALSE
cmr9qisxy001qrumz18e82noz,Mechina Olamit (World Bnei Akiva and Kol Ami),office@worldbneiakiva.org,ayelet@worldbneiakiva.org,+972-2-620-9012,https://www.worldbneiakiva.org/mechina-more,FALSE
cmr9qh80x0016rumzew38iuxr,Mechinat Aderet,yachad@mechinot.org.il,,+972-54-537-9265 (WhatsApp),https://mechinot.org.il/en/yachad/m,FALSE
cmrem8c01002crvmzeezkw8dm,Mechinat Ami-Chai,amichaimkdz@gmail.com,giusim.amichai@gmail.com,054-966-3068,https://www.ami-chai.co.il/,FALSE
cmr9qhdtf0018rumzb2cx0o3u,Mechinat Amichai,yachad@mechinot.org.il,,+972-54-537-9265 (WhatsApp),https://mechinot.org.il/en/yachad/m,FALSE
cmr9qhsqj001erumzr9myf0d1,Mechinat Arava,yachad@mechinot.org.il,,+972-54-537-9265 (WhatsApp),https://mechinot.org.il/en/yachad/m,FALSE
cmrem78gh000irvmz8hhrg951,Mechinat Arzei HaLevanon,info@mechinot.org.il,,050-940-9097,https://mechinot.org.il/mechina/toraniyot-joint/arzey-halevanon,FALSE
cmrxhoc4e0006bfmzty2bhlan,Mechinat Ateret Yerushalayim,,,055-9906-220,https://mechinat-ateret.co.il/,FALSE
cmrem742l000arvmzbwk227rf,Mechinat Avner - Akko,sarah@avnerakko.co.il,,04-6319535,http://www.avnerakko.co.il/contact.html,FALSE
cmr9qhy4b001grumz1o8hc6wx,Mechinat Be'eri,,,"+972-54-537-9265 (WhatsApp, Yachad/JCM general contact)",https://mechinot.org.il/en/yachad/m,FALSE
cmrem7vwo001mrvmzwnsf8pf8,Mechinat Beer Ora,,,,,TRUE
cmrem79hy000krvmz3issbr9e,Mechinat Beit Yatir,office@yatir.org.il,,02-9964933,https://yatir.org.il/,FALSE
cmr8bo6bu0019hdmzafo3av3d,Mechinat Beit Yisrael (Big),beitisrael.gius@gmail.com,,052-864-6737,https://reut.org.il/en/mechinat-beit-yisrael/,FALSE
cmrem8eor002grvmzvvsqg80w,Mechinat Bina,contact@bina.org.il,,,https://www.bina.org.il/contact/,FALSE
cmr8bo6ao0013hdmzbawf89co,Mechinat Bnei David (Eli),info@bneidavid.org,talmidim@bneidavid.org (Student Admissions),02-9407888,https://bneidavid.org/%d7%99%d7%a6%d7%99%d7%a8%d7%aa-%d7%a7%d7%a9%d7%a8/,FALSE
cmrem7xaz001orvmz4ipvkp2k,Mechinat Bnot HaMidbar,Melach.Aretz@gmail.com,,08-6594534,https://melach.org.il/%D7%91%D7%A0%D7%95%D7%AA-%D7%94%D7%9E%D7%93%D7%91%D7%A8/,FALSE
cmrem7c09000orvmzgne5njlf,Mechinat Chemdat Yehuda,b.m.chemdat@gmail.com,Hanan (Admissions Coordinator): 054-568-0154,02-9944602,https://chemdat.org.il/,FALSE
cmrem7asb000mrvmz97prdrs0,Mechinat Chosen Peduel,,Saked (contact person): 052-3019766,077-8042359,https://www.pduel.co.il/,FALSE
cmrwivvc60006fxmz090o2chd,Mechinat Derech Avot,,,052-670-9433,https://bneidavid.org/%D7%9E%D7%9B%D7%99%D7%A0%D7%AA-%D7%93%D7%A8%D7%9A-%D7%90%D7%91%D7%95%D7%AA/,FALSE
cmr9qi31r001irumz1bjcnbb6,Mechinat Dror,,,"+972-54-537-9265 (WhatsApp, Yachad/JCM general contact)",https://mechinot.org.il/en/yachad/m,FALSE
cmrem7ur8001krvmz0gtzlazk,Mechinat Echad V'Achat Mishelanu,info@one-of-us.org.il,,09-7674577,https://www.one-of-us.org.il/,FALSE
cmrem769i000ervmzc8j29189,Mechinat Eitan,bmoreshet@gmail.com,,02-5905568,https://betmoreshet.org.il/%D7%9E%D7%9B%D7%99%D7%A0%D7%AA-%D7%90%D7%99%D7%AA%D7%9F/,FALSE
cmrem77ay000grvmzdef78186,Mechinat Elisha,mechinatelisha2@gmail.com,,08-9241050,https://www.mechinat-elisha.com/,FALSE
cmr9qgxas0012rumzkffy7is9,Mechinat Five Fingers (Chamesh Etzbaot),,,"+972-54-537-9265 (WhatsApp, Yachad/JCM general contact)",https://mechinot.org.il/en/yachad/m,FALSE
cmrem7ylt001qrvmzyvzgobww,Mechinat Gal,,Or (Recruitment Coordinator): 054-257-9896,"0543-302301 (Head of Mechina, Ayelet Rom)",https://mechinot.org.il/mechina/list/general/gal,FALSE
cmrwivxqc000afxmzp27211rn,Mechinat Galil Elyon,,,,,TRUE
cmr9qglg7000yrumz83jboc5v,Mechinat HaEmek,,Miri (International Coordinator) - WhatsApp: +972-50-724-6927,"+972-54-537-9265 (WhatsApp, Yachad/JCM general contact)",https://mechinot.org.il/en/yachad/m/haemek,FALSE
cmrem82oz001wrvmzjjv3ssky,Mechinat HaNegev (Sde Boker),,,,,TRUE
cmr9qhiqh001arumzvz2qltfk,Mechinat Hannaton,,,"+972-54-537-9265 (WhatsApp, Yachad/JCM general contact)",https://mechinot.org.il/en/yachad/m,FALSE
cmrwiw192000gfxmzvmf3hart,Mechinat HaShomer HaChadash,shinshin@hashomer.org.il,050-8818206 (for inquiries and questions),*9263,https://www.hashomer.org.il/pre-military/mechina/,FALSE
cmr9qic99001mrumzm2f1a8mq,Mechinat Haviva Reich,,,"+972-54-537-9265 (WhatsApp, Yachad/JCM general contact)",https://mechinot.org.il/en/yachad/m,FALSE
cmrem7fg4000urvmzyiykua3c,Mechinat Ke'Ayal,office@otzem.org.il,,052-5910903,https://otzem.org.il/%D7%9E%D7%9B%D7%99%D7%A0%D7%AA-%D7%9B%D7%90%D7%99%D7%99%D7%9C/,FALSE
cmrem86590022rvmzg5ky1p8v,Mechinat Kerem El,Kerem_el_lishka@walla.com,,052-8655955,https://www.kerem-el.co.il/kerem-el/,FALSE
cmrem7qdi001crvmzzauqvki8,Mechinat Keshet Yehuda,info@keshetyehuda.org,,04-6962551,https://www.keshetyehuda.org/contact/,FALSE
cmr9qg8ka000urumzr32g6rvk,Mechinat Lachish,,Tzur London (International Coordinator): +972-50-566-0068,"+972-54-537-9265 (WhatsApp, Yachad/JCM general contact)",https://mechinot.org.il/en/yachad/m/lachish,FALSE
cmrem7i8x000yrvmz96w2mjq0,Mechinat Lapidot Emuna,,,,,TRUE
cmrem7tpu001irvmzt3pa1p60,Mechinat Lavi,,,"050-6571118 (Manager, Nitzan Segal)",https://mechinot.org.il/mechina/toraniyot-joint/2025-11-04-11-57-19,FALSE
cmrwivwfz0008fxmzjgl4vmq1,Mechinat Maale Ephraim,,,02-9947888,https://bneidavid.org/%D7%9E%D7%9B%D7%99%D7%A0%D7%AA-%D7%9E%D7%A2%D7%9C%D7%94-%D7%90%D7%A4%D7%A8%D7%99%D7%9D/,FALSE
cmrxhod6m0008bfmztk0m92g6,Mechinat Maamakim,,,,,TRUE
cmrem7jab0010rvmz2kwz0vgl,Mechinat Magen Shaul (Nokdim),mechina@mnokdim.org,Amir (Eighth-graders Coordinator): 052-463-90-68,02-9965150,http://mnokdim.org,FALSE
cmrem7knv0012rvmz7ra5bn7z,Mechinat Maoz (Lod),mechinatmaoz@gmail.com,,08-915-9666,https://mechinatmaoz.wixsite.com/mechina,FALSE
cmrem7lur0014rvmzk5nq2nlv,Mechinat Mashahiyot (Maskyot),maskyot@gmail.com,,04-658-1834,https://maskyot.org/en/,FALSE
cmrem89lb0028rvmz2ixpbecy,Mechinat Meitarim Lachish,,,,,TRUE
cmr9qgrug0010rumzypq1gsa3,Mechinat Meitzar,info@mechinot.org.il,,,https://mechinot.org.il/en/jcm/about,FALSE
cmr9qh1an0014rumzxjqfcggf,Mechinat Melach HaAretz,info@mechinot.org.il,,,https://mechinot.org.il/en/jcm/about,FALSE
cmrem876m0024rvmz804xfaaq,Mechinat Migdalor,contact@mymigdalor.co.il,,054-6299403,https://mymigdalor.com/en/elementor-1799/,FALSE
cmrem8aur002arvmzniyt8lwo,Mechinat Minsharim Kalo,,,,,TRUE
cmr8bo6c3001ahdmz9uoz6g1b,Mechinat Nachshon,,,,,TRUE
cmrem8fu1002irvmz402uska8,Mechinat Nir Oz,gius@bemaaleh.com,Dani Levit (Head of Mechina): danny@bemaaleh.com / 054-2440110,052-8193636,https://mechinot.org.il/mechina/list/general/nir-oz,FALSE
cmrem7541000crvmzsyylfqxg,Mechinat Orot,roikaorot@gmail.com,,054-252-0537,https://www.hakotel.org.il/makdazorot/,FALSE
cmrem7n020016rvmz2o6dcesy,Mechinat Oz Shlomo,info@mechinot.org.il,,08-8600024,https://mechinot.org.il/mechina/toraniyot-joint/oz-shlomo,FALSE
cmr8bo6bf0017hdmza0gvenaq,Mechinat Rabin,,,,,TRUE
cmr9qho82001crumzws5gczx5,Mechinat Rakia,info@mechinot.org.il,,,https://mechinot.org.il/en/jcm/about,FALSE
cmrwivzz6000efxmz651xasct,Mechinat Ruach HaSadeh,ruach.hassade@gmail.com,"Admissions coordinators: Avri Tzarka 055-669-8496, Avishi Levi 052-748-9972",,https://www.ruach-hassade.com/,FALSE
cmrem8df0002ervmz98gdc81m,Mechinat Ruach Nachon,run.harshama@gmail.com,,055-687-0451,https://runm.org/about/,FALSE
cmrkw592t0006otmzqky5wyhe,Mechinat Shahar David (Tel Katzir),Office1@mehina.net,Bini Mdzinski (Head of Mechina): 052-7560355,+972-58-510-6303,https://mehina.net/david-tel-katzir/,FALSE
cmrkw55we0002otmzl54o2txb,Mechinat Shahar Degania,Office1@mehina.net,Yoav Telem (Head of Mechina): 054-6722271,+972-58-510-6303,https://mehina.net/dgania/,FALSE
cmrkw546i0000otmz8g5ge3ys,Mechinat Shahar Elrom,Office1@mehina.net,Ariel Rosenberg (Head of Mechina): 052-8693393,+972-58-510-6303,https://mehina.net/elrom/,FALSE
cmrkw5dxr000cotmz4a1osemd,Mechinat Shahar Haon,Office1@mehina.net,Gill Yael (Head of Mechina): 053-394-7851,+972-58-510-6303,https://mehina.net/haon/,FALSE
cmrkw5ffy000eotmzd7n5d39j,Mechinat Shahar Hukuk,Office1@mehina.net,Adi Esther Katz (Head of Mechina): 050-7944198,+972-58-510-6303,https://mehina.net/hukuk/,FALSE
cmrkw57kw0004otmzp22ds36w,Mechinat Shahar Malkia,Office1@mehina.net,Yonatan Slutsky (Head of Mechina): 053-3393614,+972-58-510-6303,https://mehina.net/malkia/,FALSE
cmrkw5gyd000gotmzqtyvjtln,Mechinat Shahar Mevo Dotan,Office1@mehina.net,Elazar Shnidorfi (Head of Mechina): 053-3393614,+972-58-510-6303,https://mehina.net/mevo-dotan/,FALSE
cmrkw5img000iotmz10t1lea0,Mechinat Shahar Nitzan,Office1@mehina.net,Dor Zamora (Head of Mechina): 052-6768235,+972-58-510-6303,https://mehina.net/nitzan/,FALSE
cmrkw5chi000aotmzbl11dqo9,Mechinat Shahar Rotem,Office1@mehina.net,Talia Ben David (Mechina Director): 053-4898633,+972-58-510-6303,https://mehina.net/rotem/,FALSE
cmrkw5ar30008otmz8i3qsqoh,Mechinat Shahar Tal,Office1@mehina.net,Yaron Karem (Head of Mechina): 053-5808378,+972-58-510-6303,https://mehina.net/tal/,FALSE
cmrem7o490018rvmzme4yuetk,Mechinat Shuvu Achim,,,,,TRUE
cmrem7rix001ervmz1i2nhlgq,Mechinat Tamir,info@tammir.org.il,,04-6964235,https://tammir.org.il/,FALSE
cmr9qi7uu001krumzk47gp02g,Mechinat Tavor,info@mechinot.org.il,,,https://mechinot.org.il/en/jcm/about,FALSE
cmr9qgffw000wrumz3ok3qf8x,Mechinat Telem,info@mechinot.org.il,,,https://mechinot.org.il/en/jcm/about,FALSE
cmrem7pc5001arvmz7ee8i3c7,Mechinat Tzahali,office@tzahali.co.il,,051-512-2811,https://www.tzahali.co.il/,FALSE
cmrem7skb001grvmz0yn9s8zi,Mechinat Uri,,,,,TRUE
cmrem7d5i000qrvmzoh6j6f05,Mechinat Yedidya,office@m-yedidya.org,,02-6277603,https://www.m-yedidya.org/contact,FALSE
cmrem83ui001yrvmz43bwb5tv,Mechinat Yemin Orde,nurit@derechkfar.org.il,,04-6860806,https://mechina-yeminorde.co.il/יצירת-קשר/,FALSE
cmrem8gv9002krvmzi8tcb4yz,Mechinat Yesodot,yesodot@yesodot.org.il,,073-2903529,https://yesodot.org.il/%d7%a6%d7%a8%d7%95-%d7%a7%d7%a9%d7%a8/,FALSE
cmrem84zn0020rvmz9h1ae1pz,Mechinat Yiftach,,,+972-54-673-4224,https://www.mehinatiftach.co.il/,FALSE
cmrem7e70000srvmz3pa06495,Mechinat Yonatan,mechinat.yonatan@gmail.com,,054-7756111,https://mechinat-yonatan.com/contact_us/,FALSE
cmr8qbrzt000jjbmzrmtsl0ux,Medical School for International Health (MSIH),,,,,TRUE
cmrapfume001nbkmzsg4v7p9k,Meorot Yerushalayim,info@gomeorot.com,,+972-58-405-6964,https://gomeorot.com/contact/,FALSE
cmr9qlezv002qrumz2nyhlhuv,Michlalah Jerusalem College – Machal (Overseas Students Program),machal@michlalah.edu,,+972-2-6750-907,https://www.michlalahmachal.com/contact,FALSE
cmrx65ded0004kqmzobn6wigu,Midrasha at Bar-Ilan University,midrasha@biu.ac.il,,03-5318608,https://midrasha.biu.ac.il/en/contact,FALSE
cmrx65awm0000kqmzqhaep49v,Midreshet Adraba,,,0542887724,https://m-adraba.org/en/,FALSE
cmr9qlai0002orumz4wup9x3p,Midreshet AMIT,ilanag@amit.org.il,,011-972-2-645-0435,https://www.midreshetamit.org/contact.asp,FALSE
cmr8bo64e000ahdmzxdzyd2qs,Midreshet Amudim,info@amudimisrael.org,,,https://www.amudimisrael.org/contact-us,FALSE
cmrapg4rw001rbkmzbgf3ep5p,Midreshet B'erot Bat Ayin,info@berotbatayin.org,,+972-58-421-8048,https://www.berotbatayin.org/contact/,FALSE
cmrx65caa0002kqmzeklriali,Midreshet Dorit (Lindenbaum Lod),,,,,TRUE
cmrapfz32001pbkmzxwfpa6ba,Midreshet Ein Hanatziv,,,,,TRUE
cmr8bo675000khdmzlipstyet,Midreshet Eshel,office@midresheteshel.org,,+972-2-966-6621,https://sephardicseminary.org/contact/,FALSE
cmr8bo66g000hhdmzua8g06bh,Midreshet HaRova,,,,,TRUE
cmrem88k60026rvmzf7vhz1xw,Midreshet HaShiluv Natur,midreshet.shiluv@gmail.com,,+972-48414910,https://www.midrasha.info/צור-קשר-3/,FALSE
cmrem72x20008rvmz4a5c73v8,Midreshet Lev,office@midreshetlev.org,,+972-2-563-4357,https://midreshetlev.org/,FALSE
cmrbviqdr00022gmzciodqtvu,Midreshet Lindenbaum,,,02-6710043,https://www.midreshet-lindenbaum.org.il/contact-us,FALSE
cmr8bo62g0003hdmzzsikwaa7,Midreshet Moriah,office@midreshetmoriah.org,midreshetoffice@gmail.com,+972-2-652-7449,https://www.midreshetmoriah.org/contact/?id=404,FALSE
cmrx647su000ifqmz0i7qmlrc,Midreshet Olamot (The Midrasha),,,972-52-762-9764,https://themidrasha.org/,FALSE
cmr8bo64y000chdmz93ufyi9g,Midreshet Rachel v'Chaya,dni@darchenoam.org,,972-2-654-0622,https://darchenoam.org/contact-us-mrc/,FALSE
cmrem7grc000wrvmzbgwknowi,Midreshet Rina (Shlomit),office@otzem.org.il,,052-5910903,https://otzem.org.il/%D7%94%D7%9E%D7%93%D7%A8%D7%A9%D7%94/,FALSE
cmr8bo65a000dhdmzebm1ozfr,Midreshet Tehillah,rjeremykagan@yahoo.com,,+972-2-654-4578,https://midreshettehillah.com/contact/,FALSE
cmrem6zob0002rvmzrwv6po25,Midreshet Torah V'Avodah (MTVA),,,(212) 465-9536,https://www.mtvaisrael.org/contact-us/,FALSE
cmr8bo62v0005hdmzm3o9y5us,Midreshet Torat Chessed,office@mtcstaff.com,,+972-52-436-5031,https://toratchessed.com/contact-us/,FALSE
cmr8bo63c0007hdmzgsw9pcj4,Migdal Oz (SKA Beit Midrash for Women),migdaloz@haretzion.org.il,officemigdaloz@gmail.com,02-9934520,https://skamigdaloz.org/en/contact-us-2/,FALSE
cmr8bgrjd0024vkmznzjlhdjv,Mir Yeshiva (Yeshivas Mir Yerushalayim),,,02-541-0999,https://themir.org/contact/,FALSE
cmr8bo65p000ehdmz21il1is0,MMY (Michlelet Mevaseret Yerushalayim),office@mmy.org.il,,(02) 652-7257,https://mevaseret.org/contact/,FALSE
cmr9qj2jr001urumzi038f5im,MTA (World Bnei Akiva),office@worldbneiakiva.org,,+972 2 620 9012,https://www.worldbneiakiva.org/contact-us,FALSE
cmr9qeshs000arumzsk976tpl,Musrara International Residency Program,,,,,TRUE
cmrtgrdk5000004jsl4q5zvpz,Naale Elite Academy,,,,,TRUE
cmrx641ir0008fqmz1bg8r7fw,Nachlas Bais Yaakov,,,02-581-8550 (Israel) / 516-313-7842 (New Jersey),https://www.nachlas.org/,FALSE
cmr7sl7n4000lw9mzudhbeacz,Nativ College Leadership Program,,,,,TRUE
cmr8qcrmj0013jbmzcd3lw13q,Nativ Track (Aardvark Israel),info@aardvarkisrael.com,,646-844-7784,https://aardvarkisrael.com/nativ/,FALSE
cmre5v813000cfmmz49q5r6pa,NCSY Derech,Bravermanm@ncsy.org,,212-613-8216,https://summer.ncsy.org/contact-us/,FALSE
cmre5v96j000efmmz1sdllsdq,NCSY Euro Israel,weissa@ncsy.org,,212-613-8349,https://summer.ncsy.org/contact-us/,FALSE
cmr8bgrn5002mvkmz3wmtttf5,NCSY GIVE (Girls Israel Volunteer Experience),selteri@ncsy.org,,212-613-8167,https://summer.ncsy.org/contact-us/,FALSE
cmre5v6zm000afmmzf3d36omn,NCSY Hatzalah Rescue,Bravermanm@ncsy.org,,212-613-8216,https://summer.ncsy.org/contact-us/,FALSE
cmre5v4sm0006fmmz94315lzq,NCSY Israel ID,Bravermanm@ncsy.org,,212-613-8216,https://summer.ncsy.org/contact-us/,FALSE
cmre5v5u30008fmmztqfuf3d2,NCSY JOLT Israel,weissa@ncsy.org,,212-613-8349,https://summer.ncsy.org/contact-us/,FALSE
cmr8bgrnj002ovkmzckq546nn,NCSY Kollel,selteri@ncsy.org,,212-613-8167,https://summer.ncsy.org/contact-us/,FALSE
cmre5v1f50000fmmz73m4k9w8,NCSY Kollel Mechina Track,tanzmane@ncsy.org,,212-613-8125,https://summer.ncsy.org/contact-us/,FALSE
cmre5v2le0002fmmznae8t0te,NCSY Michlelet,selteri@ncsy.org,,212-613-8167,https://summer.ncsy.org/contact-us/,FALSE
cmre5v3my0004fmmz55857mvv,NCSY Michlelet Mechina,tanzmane@ncsy.org,,212-613-8125,https://summer.ncsy.org/contact-us/,FALSE
cmrbvwr2e0000fjmzhx3qlt08,NCSY Next Step (Israel Internships),weissa@ncsy.org,,212-613-8349,https://summer.ncsy.org/contact-us/,FALSE
cmrhjlkdh00023hmzxvg44ffa,Nefesh B'Nefesh,info@nbn.org.il,,02-659-5800 (Israel) / 1-866-4-ALIYAH (US & Canada),https://www.nbn.org.il/contact-us/,FALSE
cmrwiwoh00002inmzvaud9deh,Nefesh B'Nefesh-FIDF Lone Soldiers Program,lspen@nbn.org.il,,24/7 Lone Soldier Hotline: *6563,https://www.nbn.org.il/contact-us/,FALSE
cmr8qbhmi000djbmz1figo7mt,Nesiya Kehillah Summer Program,,,,,TRUE
cmr9qjp8t0024rumzfwqqtqrs,Neve Yerushalayim – Machon Devorah,neve@nevey.org,,02-654-4500,https://nevey.org/,FALSE
cmrapflnw001jbkmz450zfenv,Neve Yerushalayim – Mechina Introductory Program,neve@nevey.org,,02-654-4500,https://www.nevey.org/,FALSE
cmr9qjjyt0022rumzwpkxks6f,Neve Yerushalayim – Shalhevet Program,neve@nevey.org,,02-654-4500,https://nevey.org/,FALSE
cmrace2bv0004b1mzpdxp83a2,Neveh Zion,office@nevehzion.org,,+972-2-534-1297,https://www.nevehzion.org/contact/,FALSE
cmracesi0000gb1mzahk6l1y0,New Israel Fund / Shatil Social Justice Fellowship,ny@nif.org,,212.613.4400,https://nif.org/about/contact/,FALSE
cmrx64956000kfqmzrvjwrt1s,Nishmas Bais Yaakov,office@nishmasby.org,,,http://www.nishmasby.org/,FALSE
cmrk7cmh3000ckimzhmjrnaou,Nishmat (Liba Shana Ba'Aretz),misrad@nishmat.net,"Tzipora Templeman, Administrative Coordinator: office@nishmat.net, +972-2-640-4341",972-2-6404333,https://nishmat.net/liba-shana-baaretz-program/,FALSE
cmr8bo63o0008hdmzpllsjq2y,Nishmat - Alisa Flatow Program,misrad@nishmat.net,,972-2-6404333,https://nishmat.net/,FALSE
cmrx64r7v0000icmz75002qcf,Nishmat Israeli Midrasha,misrad@nishmat.net,,972-2-6404333,https://nishmat.net/,FALSE
cmr8qcw5n0017jbmzd1g8022z,No'ar Hadash Israel Program,,,,,TRUE
cmra8f54i000c2wmzdfkn2egc,Noam - Drachim Gap Year,,,,,TRUE
cmrapc3eo0002bkmz7bgveurw,Ohr Avraham,,,,,TRUE
cmr9qju1f0026rumz8m60dglt,Ohr Somayach – Derech Institute for Torah Studies,,,,,TRUE
cmrbzj0lg000004l1suya44wh,Ohrsom,admin@ohrsomstudent.com.au,,,https://ohrsomstudent.com.au/contact/,FALSE
cmrwjxuqj0000tzmzubub45hj,Olami JHealth Gap Year,jhealth@olami.org,,,https://olami.org/jhealth-gap-year/,FALSE
cmra8gi58000t2wmzouh6us06,Ono Academic College International School,internationalschool@ono.ac.il,"+972-54-323-5786 (WhatsApp, Admissions)",+972-3-5311888,https://www.ono.ac.il/eng/international-school/,FALSE
cmr7sl7ln000bw9mzs5j52fku,Onward Israel,,,,,TRUE
cmr8bo6cm001dhdmzapy541kf,Otzem Overseas Program (Atzmona),office@otzem.org.il,,052-5910903 / 08-9987511 / 08-9960179,https://otzem.org.il/overseas-program/,FALSE
cmracf186000lb1mzqpiihy0o,OTZMA,,,,,TRUE
cmrx646kv000gfqmz7l1a7twl,OU Israel ATID Program for Young Women,zgarfinkel@ouisrael.org,,+972-052-607-0764,https://www.ouisrael.org/atid/,FALSE
cmrwiyiyo0000s2mz88m7xayp,Oz (World Bnei Akiva),office@worldbneiakiva.org,,+972-2-620-9012,https://www.worldbneiakiva.org/oz,FALSE
cmrwixr9t0000njmzm9hmol0w,Pardes Arts & Culture Fellowship,info@pardes.org.il,,+972-2-673-5210,https://pardes.org.il/pardes-arts-culture-fellowship/,FALSE
cmra8e31i00002wmzris7ium7,Pardes Institute of Jewish Studies - Year/Semester Program,info@pardes.org.il,,+972-2-673-5210,https://pardes.org.il/year-program/,FALSE
cmr8bgriv0022vkmzxhr9ywp1,Ponevezh Yeshiva,ponevez@aol.com,,03-6183111 (Israel) / 212-675-9260 (US),https://www.ponevez.co.il/,FALSE
cmr9qfq5j000mrumz6ndn8x8c,Project TEN (Kibbutz Harduf),,,,,TRUE
cmr8bgrp8002wvkmz50m5m72o,Ramah Israel Seminar,info@ramah.co.il,,+972.2.679.0243,https://ramah.org.il/seminar/,FALSE
cmr8bgrbj0017vkmzcl6e0add,Reichman University Study Abroad,,shelly.hanani@runi.ac.il (Study Abroad Admissions Coordinator),+972-9-9602700,https://www.runi.ac.il/en/schools/rris/study-abroad,FALSE
cmrti6630000004l6iw1ewwu0,Reut program for lone soldiers,,,,,TRUE
cmr8qb17g0004jbmzz9ulz38w,Rimon School of Music - Study Abroad Program,admissions@rimonschool.co.il,,+972 35408882,https://www.rimonschool.co.il/en/study-abroad-english/,FALSE
cmraphbpq0028bkmz9tkkamjk,Rinas Bais Yaakov,office@rinasby.org,,845-207-8001 / 972-2-502-2275 (Israel) / 917-657-6108 (US),https://rinasby.org,FALSE
cmr8bo67j000mhdmzprxr16zx,Rothberg International School,,,,,TRUE
cmra8i3y900067fmz9s72ps1v,RRC Israel Summer Term,Shalom@ReconstructingJudaism.org,,215.576.0800,https://rrc.edu/contact-us/,FALSE
cmrace9xk0008b1mzus4rxruv,S. Daniel Abraham Israel Program,sdaip@yu.edu,yuadmit@yu.edu,+972-2-531-3020,https://apply.yu.edu/israel,FALSE
cmrhjtp770004m5mzqffe789j,Sachlav,office@sachlav.co.il,,972-73-220-1499,https://www.sachlav.com/,FALSE
cmr9qevnc000crumzf9dp8a2o,Sam Spiegel Jerusalem International Film Lab,,,073-2007300,https://eng.jsfs.co.il/,FALSE
cmr8bo6a60010hdmzh6oxpku3,Sapir International,limorf@sapir.ac.il,,*6606,https://www.sapir.ac.il/en/node/1702,FALSE
cmr8bgr9s000yvkmzlua78lst,Sar-El (Volunteers for Israel),,,03-681-4769 / 03-682-9743,https://www.sar-el.org/registration/,FALSE
cmr9qfufi000orumzg3pptk4r,Save a Child's Heart Volunteer Program,ylcoordinator@saveachildsheart.com,,,https://saveachildsheart.org/get-involved/volunteer,FALSE
cmr8bo661000fhdmzdn7px9dt,Sha'alvim for Women (SFW),sfw.shaalvim@gmail.com,,02-678-4062 / 02-678-0342,https://sfw.shaalvim.org/,FALSE
cmr9qk96y002crumzgbiukcpa,Shapell's / Yeshiva Darché Noam,dni@darchenoam.org,,972-2-651-1178 / 516-371-7872 (US line),https://darchenoam.org/shapells/,FALSE
cmr8bo66p000ihdmz2l4ei1mb,Sharfman's / Bnot Torah Institute,info@bnottorah.com,,718-253-4579 / 02-581-4382,https://bnottorah.com/join/application/,FALSE
cmrapf4hv001bbkmze99kqcym,She'arim,hello@shearim.com,,+972.2.651.4240,https://www.shearim.com,FALSE
cmrk7cfo70002kimzbx3bolq7,She'arim (College of Jewish Studies for Women),hello@shearim.com,,+972.2.651.4240,https://shearim.com/,FALSE
cmra8gnuc000v2wmz54uezgrk,Shenkar College International Program,studentexchange@shenkar.ac.il,,03-6110000,https://en.shenkar.ac.il/pages/international-office,FALSE
cmr8bo6em001phdmzdoezz43r,Sherut Leumi (National Service),sherutleumi@nbn.org.il,,02-659-5800,https://www.nbn.org.il/sherut-leumi/sherut-leumi-national-service/,FALSE
cmrapi8jq002obkmzoswkgqzk,Shiloh Excavations,,,717-859-3443 (Toll Free: 800-430-0008),https://biblearchaeology.org/about/contact/,FALSE
cmra8ige3000a7fmzajdtdl0b,Shnat Betar,info@betar.org.il,shushi@betar.org.il,02-6792954,https://betar.org.il/en/shnat/,FALSE
cmracdx1x0002b1mzk3ivo9w2,Shnat Netzer,,,,,TRUE
cmra8irf1000e7fmzc3xak3cy,Shvilim Traveling Gap Year Program,info@mgalil.org,,,https://gap-year-israel.org/apply/,FALSE
cmrwiwnba0000inmz3cq79b5m,Storytellers Fellowships,,,,,TRUE
cmr8bgr7j000nvkmznxsrizid,TAMID Israel Fellowship,summerfellowship@tamidgroup.org,,,https://tamidgroup.org/fellowship/,FALSE
cmr8bo67r000nhdmzgm9wjym3,TAU International (Study Abroad Semester/Year),study@tauex.tau.ac.il,,+972-3-640-8118,https://international.tau.ac.il/international_center,FALSE
cmrenxdex0000l3mz4st9bqji,TAU Summer Internship Program,study@tauex.tau.ac.il,,+972-3-640-8118,https://international.tau.ac.il/international_center,FALSE
cmr9qf5sn000grumz56mx43ag,Tech2Peace,,,,,TRUE
cmra8g5cy000p2wmzu38px90o,Technion American Medical School (TeAMS),mdteams@technion.ac.il,,972-4-829-5475,https://teams.technion.ac.il/admissions/admissions-requirements/,FALSE
cmrepfkrg0002pdmzexw9f2dt,Technion Ignite: International High School Summer Program,apply@int.technion.ac.il,,,https://int.technion.ac.il/programs/ignite-international-high-school-summer-program/,FALSE
cmr8bo68z000uhdmzj7t3f7dz,Technion International - Semester/Year Abroad,apply@int.technion.ac.il,,,https://int.technion.ac.il/exchanges-programs/,FALSE
cmrenxepq0002l3mzi7sx2cc9,Technion Summer Research Program in Science and Engineering,apply@int.technion.ac.il,,,https://int.technion.ac.il/programs/summer-research-program-in-science-and-engineering/,FALSE
cmraphvg4002ibkmz2nrpu9cn,Tel Abel Beth Maacah Excavation,abmaacah@gmail.com,,,https://www.abel-beth-maacah.org,FALSE
cmrapih2x002sbkmzxeyvpjzr,Tel Akko Total Archaeology Project,,,,,TRUE
cmrbvjb9y000g2gmzb3limvns,Tel Aviv University - MFA in Documentary Cinema,study@tauex.tau.ac.il,,+972-3-640-8118,https://international.tau.ac.il/international_center,FALSE
cmrhjplbk0006cemzcdh13sdy,Tel Aviv University Sofaer Global MBA,,,,,TRUE
cmraphzp4002kbkmzi0enx4xc,Tel Gezer Excavation,ngsba@huc.edu,,+972 (0)2 6203257,https://ngsba.org/excavations/tel-gezer/,FALSE
cmraphrlx002gbkmz15avbteg,Tel Megiddo Excavation,,,,,TRUE
cmrwivta80004fxmzx0lx25pl,Tel Shaddud Archaeological Project,telshaddud@tauex.tau.ac.il,,,https://telshaddud.com/,FALSE
cmracfgca000xb1mzdkx5s3pg,Tel Shimron Excavations,,,,,TRUE
cmr8bgrmm002jvkmz0ap5fiq2,The Anne Samson Jerusalem Journey (TJJ),beckerd@ncsy.org,,310-229-9000 ext. 51204,https://summer.jsu.org/contact,FALSE
cmrv42dn70004gsmz0qpoq0wj,The Jerusalem Kollel,,,+972-2-582-1383,https://www.thejerusalemkollel.com/contact-us/,FALSE
cmrem81hq001urvmzahuoguq7,The Jerusalem Preparatory Program (HaYerushalmit),,,02-6718202,https://mechinot.org.il/mechina/list/general/yerushalmit,FALSE
cmrwixsju0002njmz1z2r20zh,The Lone Soldier Center in Memory of Michael Levin,,,02-502-2211 / 03-560-1931,https://lonesoldiercenter.com/about-en/,FALSE
cmracef1w000ab1mzsbefnuvy,Tichon Ramah Yerushalayim (TRY),info@ramah.co.il,tryinfo@ramah.co.il,+972.2.679.0243,https://ramah.org.il/try/,FALSE
cmrk7cgxl0004kimzlpu0cu0f,Tiferet Center,info@tiferetcenter.com,,02-999-7957,https://www.tiferetcenter.com/,FALSE
cmr8bo6dz001lhdmzbodherzq,Tikkun Olam Tel Aviv-Jaffa,office@beit-daniel.org.il,kalis@bina.org.il,972-3-544-2740,https://www.beit-daniel.org.il/en/masa-tikkun-olam/,FALSE
cmracewot000jb1mzl2e7x283,Tikvah Israel Fellowship,info@tikvah.org,Iselter@tikvah.org,(212) 796-1672,https://tikvah.org/overseas/,FALSE
cmrapfdei001fbkmzz1b89x77,Tomer Devorah Seminary,office@tomerdevorah.net,admissions@tomerdevorah.net,+972-2-571-6633,https://www.tomerdevorah.net/contact,FALSE
cmrkv6cc2000104kzjn1t70if,Top Israel Intern,admin@sachlav.com,,+1 (347) 289-3008 ext. 2626,https://www.topisraelinterns.com/contact,FALSE
cmr9qfkgt000krumzequ15gse,Torah Tech,office@torahtech.co,,,https://torahtech.co/,FALSE
cmr9qiyaz001srumzd42acihz,Torani (World Bnei Akiva),office@worldbneiakiva.org,"yosef@worldbneiakiva.org (Yosef Besso-Cowan, Head of Program - Torani)",+972-2-620-9012,https://www.worldbneiakiva.org/torani,FALSE
cmrwjpbwl0004cgmz9i2xiaxu,Trybal Gatherings: Volunteer in Israel,,,,,TRUE
cmr9qj6up001wrumze80az0by,Ulpan Etzion,PniyotTzibor@jafi.org,,+972-2-620-2222,https://www.jewishagency.org/contact-us/,FALSE
cmr9qje1g0020rumzzgpjot8q,Ulpan-Or Sabra Immersion Program,,,,,TRUE
cmrenxfr10004l3mz225oyth2,University of Haifa Intensive Hebrew Summer Ulpan,,,,,TRUE
cmrbviymp00082gmzvcp3k0f7,University of Haifa International MSc in Marine Biology,,,,,TRUE
cmr8bo69s000yhdmzbiwbj04h,University of Haifa International School - Semester/Year Abroad,,,,,TRUE
cmracej6e000cb1mzx5m3vapu,URJ Heller High,hellerhigh@urj.org,,,https://www.hellerhigh.org/,FALSE
cmra8j5hc000i7fmzszyvne14,Vertigo International Dance Program (VIDP),production@vertigo.org.il,,+972-2-6244176,https://vertigo.org.il/en/dance-education/about-the-vidp-vertigo-international-dance-program/,FALSE
cmr8bo6f8001thdmzi6q478h8,VOIS - Volunteer in Israel,,,,,TRUE
cmr9qeomk0008rumzd6377qs1,Weizmann Institute – Kupcinet-Getz International Summer School,,,,,TRUE
cmr8bo6cz001fhdmzl9bjyiyv,Yachad Gap Year,,,+972-54-537-9265,https://mechinot.org.il/en/contact-yachad,FALSE
cmracf882000rb1mztb45oekp,Yad B'Yad,YachadIsrael@ou.org,,+972-2-560-9100,https://www.yachad.org/israel/contact/,FALSE
cmr8bgr95000vvkmzenbdg0r9,Yahel Social Change Fellowship,info@yahelisrael.com,,+1 (802) 307-0908,https://www.yahelisrael.com/contact,FALSE
cmr8bgrou002uvkmzqvw43zqh,Yallah! Israel (NFTY in Israel - Adventure),,,,,TRUE
cmrapefx40010bkmzw6wpri2p,Yeshiva Gedolah Yagdil Torah,YagdilT@gmail.com,,(347) 223-5943,https://yagdiltorah.org/contact/,FALSE
cmrepgbi1001epdmz6hg4jjc1,Yeshiva Gevoha Itamar,gvohaitamar@gmail.com,,+972-2-997-8114,https://itamar.org.il/,FALSE
cmrv42iis0006gsmznv5lxhwx,Yeshiva Midrash Shmuel,office@midrashshmuel.org,"ytenembaum@midrashshmuel.org (Rabbi Yossi Tenembaum, applications contact)",+972-2-566-5302,https://www.midrashshmuel.org/contact-us/,FALSE
cmrem70pt0004rvmze0ncvvdl,Yeshiva Tiferet (TJ),,,02.643.7860,https://www.yeshivatiferet.com/contact.html,FALSE
cmrbvj7g7000d2gmzcujtujy1,Yeshiva University Summer Internship (MassChallenge-Israel),john.perez@yu.edu,,212.960.5400,https://www.yu.edu/jll/israel/summer-internship,FALSE
cmrk7cjiv0008kimzzc6ng0yw,Yeshivas Aderes Hatorah (Rav Senter's),,,+972.2.582.6336,https://www.adereshatorah.com/contact,FALSE
cmrapekc20012bkmz868az9t3,Yeshivas Bais Yisroel,,,02-656-1959,https://yeshivasbaisyisroel.org/contact/,FALSE
cmr9ql3y2002mrumzw5n5ol5b,Yeshivas Bircas HaTorah,inquiries@bircas.org,,+972-2-627-1647,https://www.bircas.org/incoming-students/old-city-information-page/,FALSE
cmrapeprp0015bkmzythzz4yd,Yeshivas Birchas Mordechai,,,,,TRUE
cmr8bgrjm0025vkmznanlknr8,Yeshivas Brisk,,,,,TRUE
cmrapdqq9000qbkmzb4k319uc,Yeshivas Chofetz Chaim Yerushalayim,admin@yccy.org,,+972-2-581-0188,https://yccy.org,FALSE
cmrv42x510008gsmzzcsrkj87,Yeshivas Mishkan HaTorah,office@mishkanht.org,,052-713-9360,https://www.yeshivamishkanhatorah.org/,FALSE
cmrk7cqqz000ikimze9xo8d6y,Yeshivas Ne'imus HaTorah,NeimusHaTorah1@gmail.com,,+972-52-768-5510,https://www.neimushatorah.com/,FALSE
cmrapdzz5000ubkmzyvui2ghy,Yeshivas Nesivos Ahron,office@nesivosyeshiva.com,,02-581-8435,https://nesivosyeshiva.com/,FALSE
cmrapc87k0004bkmzee77dlo4,Yeshivas Orchos Chaim,,,,,TRUE
cmrapdgxk000mbkmz5oh8a4u2,Yeshivas Toras Chaim,office@ytchaim.com,,,https://www.ytchaim.com/contact-us.html,FALSE
cmrape5ch000wbkmzioeif37x,Yeshivas Zeev Hatorah,office@zeevhatorah.org,,(732) 978-4968,https://www.zeevhatorah.org,FALSE
cmrepgott0022pdmzmn7q5kg6,Yeshivat Ahavat Israel (Netivot),,,,,TRUE
cmrepgdoz001ipdmzakwsaz6b,Yeshivat Ashkelon (Orot HaTorah VeHaChesed),,,,,TRUE
cmr8bgrg3001pvkmz0xmf5b7y,Yeshivat Ashreinu,info@ashreinu.org.il,,+972 054-219-4982,https://ashreinu.org.il/contact-us/,FALSE
cmr8bgrk30027vkmz43207q1t,Yeshivat Ateret Yerushalayim,office@ateret.org,,972-2-587-9537,https://www.ateret.org/contact/contactform,FALSE
cmrepfnc00006pdmzfllky9oz,Yeshivat Ayelet HaShachar (Eilat),office@yeilat.org,,08-6331198,https://yeilat.org/צור-קשר/,FALSE
cmr8bgrlj002dvkmzz4ak1hys,Yeshivat Beit El,,,,,TRUE
cmr8bgrku002avkmzs1t3nngj,Yeshivat Birkat Moshe (Ma'ale Adumim),,,,,TRUE
cmrepgcip001gpdmzcgjvpcdh,Yeshivat Birkat Yosef (Alon Moreh),office@yelonmoreh.co.il,,02-9973905,https://www.yelonmoreh.co.il/index2.php?id=2&lang=HEB,FALSE
cmrepfyb0000qpdmzbfuh763x,Yeshivat Chiburim Afula,,,,,TRUE
cmrepfx6i000opdmzujeens9b,Yeshivat Chiburim Beit Shean,,,,,TRUE
cmrepgnpa0020pdmzero0lseb,Yeshivat Cholon,,,03-558-7638,https://www.yholon.co.il/,FALSE
cmrapeak8000ybkmzc70wx4ga,Yeshivat Darchei Yonatan,,,,,TRUE
cmrepgmoq001ypdmz8da297sg,Yeshivat Derech Chaim (Kiryat Gat),yeshivatderechaim@gmail.com,,08-688-1548,https://derechaim.org.il/%d7%a6%d7%95%d7%a8-%d7%a7%d7%a9%d7%a8/,FALSE
cmrapfhtm001hbkmzoxfh389z,Yeshivat Drisha (Shana Alef),inquiry@drisha.org,,+1 212 595 0307,https://drisha.org/contact/,FALSE
cmr8bgrgc001qvkmzygit9dgu,Yeshivat Eretz HaTzvi,Admissions@eretzhatzvi.org,,(972) 2-679-1424,https://eretzhatzvi.org,FALSE
cmrepgkjr001updmzcozvbq4y,Yeshivat Givat Olga (Hadera),,,,,TRUE
cmrepg52d0012pdmzjzu11xxw,Yeshivat HaBikah (Sdemot Neriah),,,,,TRUE
cmrepfocf0008pdmzv5h93g5l,Yeshivat HaGolan,,,,,TRUE
cmrepglk9001wpdmzpygzxco0,Yeshivat HaHesder Dimona,,,,,TRUE
cmrwiw5qr000ofxmz11xsutwy,Yeshivat HaHesder Karmiel,okarmiel@gmail.com,,04-9883207,https://ykarmiel.co.il/%d7%a6%d7%95%d7%a8-%d7%a7%d7%a9%d7%a8/,FALSE
cmrepgrz80028pdmzyf4639fh,Yeshivat HaHesder Ramat HaSharon,yrhasharon@gmail.com,,03-5497238,https://yrhasharon.org/contact/,FALSE
cmrepgqyq0026pdmzvscyiqfo,Yeshivat HaHesder Ramla,shayke.rotfeld@gmail.com,,052-8109371,https://hesder-ramla.co.il/,FALSE
cmrepg1gi000wpdmzbsedyqyu,Yeshivat HaHesder Rishon LeZion,hazder-s@zahav.net.il,,03-9527175,https://www.rly.org.il/contact-us/,FALSE
cmrwiw3hu000kfxmz08cagumh,Yeshivat HaHesder Yeruham,office@yhy.co.il,,08-658-0101,https://yhyh.co.il/about/contact-us/,FALSE
cmr8bgre4001ivkmzczk9sstb,Yeshivat Hakotel,,,+972-2-628-8175 ext. 122,https://hakotel.org.il/english/contact-us/,FALSE
cmrepgh60001opdmzdkjtfsex,Yeshivat HaMeiri (Kiryat Moshe),yhm@lif.ac.il,,02-6527950,https://www.yhm10.org/,FALSE
cmrepfphi000apdmzgn5hlynk,Yeshivat Har Bracha,office@yhb.org.il,,02-9974836,https://yhb.org.il/contact-us/,FALSE
cmr8bgrci001cvkmzxsrf2b0k,Yeshivat Har Etzion (The Gush),,,,,TRUE
cmrwiw4og000mfxmz68f2wh28,Yeshivat Har Shalom (Mitzpe Ashtamoa),,,08-6488886,https://hesder.org.il/institute/%D7%99%D7%A9%D7%99%D7%91%D7%AA-%D7%94%D7%A8-%D7%A9%D7%9C%D7%95%D7%9D-%D7%97%D7%95%D7%9E%D7%A9,FALSE
cmrepgv8s002epdmzac5tcik4,Yeshivat HaSeder Gavoha Kiryat Gat,yeshivakg@gmail.com,,08-6882195,https://yeshivakg.co.il/%D7%A6%D7%95%D7%A8-%D7%A7%D7%A9%D7%A8/,FALSE
cmrepfv18000kpdmzk4zg6ab2,Yeshivat HaSeder Nof HaGalil,office@ynh.org.il,,077-5060978,https://ynh.org.il/,FALSE
cmrxho8mv0000bfmz2z9npe0t,Yeshivat Heichal Eliyahu (Kochav Yaakov),Hesdat@gmail.com,,02-6550500,https://yhe-ky.com/,FALSE
cmrepfrvh000epdmzw1vy1j9y,Yeshivat Hesder Maalot Yaakov,office@yesmalot.co.il,,04-9979708,https://yesmalot.co.il/,FALSE
cmrepg9da001apdmzvdiaabnf,Yeshivat Hesder Orot Yaakov (Rehovot),,,,,TRUE
cmr8bgrkb0028vkmzp9yvzamj,Yeshivat Hesder Sderot,,,,,TRUE
cmrepg7740016pdmz74u0tcfu,Yeshivat Karnei Shomron,,,,,TRUE
cmr8bgrh6001uvkmzxagd2tku,Yeshivat Kerem B'Yavneh (KBY),il@kby.org.il,,(08) 856-2007,https://www.kby.org/english/contact.asp,FALSE
cmrepfzbj000spdmz9v06dk49,Yeshivat Kiryat Shmona,office@yk8.org.il,,04-6942616,https://yk8.org.il/%d7%a6%d7%95%d7%a8-%d7%a7%d7%a9%d7%a8/,FALSE
cmr8bgrls002evkmzce36g27m,Yeshivat Kol Torah,,,,,TRUE
cmr8bgrfm001nvkmzo2ulmlqg,Yeshivat Lev HaTorah,office@levhatorah.org,,+972-2-992-2617,https://levhatorah.org/contact/,FALSE
cmrxho9vy0002bfmzntgr0bw3,Yeshivat Lev Tel Aviv – Shir Le'Neriya,,,,,TRUE
cmrapduzv000sbkmzrualc897,Yeshivat Ma'ale Gilboa,,,,,TRUE
cmr8bgri8001zvkmzmyo1obvh,Yeshivat Merkaz HaRav,mercaz@012.net.il,,02-6524793,https://mercazharav.org.il/en/front-page/contact-us-2/,FALSE
cmrepgjf8001spdmz9zdullpf,Yeshivat Midbara Ke'Eden (Mitzpe Ramon),midbara@gmail.com,,+972-8-658-8880,https://midbara.org.il/contact.asp,FALSE
cmr8bgrey001lvkmzvh6qo30w,Yeshivat Migdal HaTorah,info@migdalhatorah.org,,,https://www.migdalhatorah.org/contact,FALSE
cmr8bgrhf001vvkmze799jt2s,Yeshivat Mitzpe Yericho,office@ymy.org.il,,+972-52-657-6675,https://ymy.org.il/contact-us/,FALSE
cmrbvijhq00002gmzly7zh57l,Yeshivat Moreshet Yerushalayim,Office@moreshetyerushalayim.com,,,https://www.moreshetyerushalayim.com/,FALSE
cmrepgt3t002apdmzcmj0jl28,Yeshivat Nachalat Yosef (Shavei Shomron),,,,,TRUE
cmrxhoayb0004bfmzehj9gfvd,Yeshivat Nahariya (Nahar De'a),ndeiah@barak.net.il,,04-9522615,https://www.nahariya.co.il,FALSE
cmr8bgrds001hvkmz8bbdr60b,Yeshivat Netiv Aryeh,info@yna.edu,admissions@yna.edu,+972-(0)2-626-6333,https://yna.edu/contact,FALSE
cmrepfsw3000gpdmzp16ivl4j,Yeshivat Netzer Matai (Ariel),office@ynetzarim.org,,03-906-8946,https://www.ynetzarim.org/יצירת-קשר/,FALSE
cmrwiw6xj000qfxmz4awhfuk0,Yeshivat Neve Dekalim (Ashdod),office@yeshivand.com,,08-9934361,https://yeshivand.org.il/contactus/,FALSE
cmr8bgrla002cvkmzc9r43647,Yeshivat Nir Kiryat Arba,,,972-2-9961775,http://yeshivatnir.org.il/en/home/,FALSE
cmrapezxa0019bkmzssjms4vt,Yeshivat Ohr David,info@ohrdavid.org,,(02) 563-2826,https://www.ohrdavid.org,FALSE
cmrapdlfo000obkmzf7slm40r,Yeshivat Ohr Yerushalayim,office@yoy.org.il,,+972 2 533-2424,https://www.ohryerushalayim.com/contact,FALSE
cmrepg88d0018pdmzltk8pbm6,Yeshivat Or Akiva,yeshiva.ok@gmail.com,,055-993-0432,https://yoa.co.il/,FALSE
cmrepfm180004pdmz44rgy8qh,Yeshivat Or Etzion,office@oretzion.com,,08-8586805,https://oretzion.com/,FALSE
cmrepgiet001qpdmzejqj8tsw,Yeshivat Or VeYeshua (Haifa),secretary@orvishua.org.il,Neam Neumann (visit/admissions coordinator) - 053-2282507,04-812-1048,https://orvishua.org.il/contact/,FALSE
cmr8bgree001jvkmzvmb184ch,Yeshivat Orayta,,,011.972.2.627.4890,https://www.orayta.org/contact-us.html,FALSE
cmrepgpu50024pdmzto27k2dp,Yeshivat Orot Moshe (Rosh HaAyin),,,,,TRUE
cmrepgadk001cpdmze51hhxka,Yeshivat Orot Shaul (Tel Aviv),,,,,TRUE
cmr8bgrkl0029vkmzw7yxp8gb,Yeshivat Otniel,,,,,TRUE
cmrepg2n1000ypdmz9im1gyys,Yeshivat Ramat Gan,,,,,TRUE
cmr8bgrdc001fvkmzyjn5z8p0,Yeshivat Reishit Yerushalayim,,,,,TRUE
cmrepgu49002cpdmzdkcryjcs,Yeshivat Sderot,,,,,TRUE
cmrepg62o0014pdmzn5q1qtho,Yeshivat Sdot Negev (Kfar Maimon),,,,,TRUE
cmr8bgrcu001dvkmz2f5znlsa,Yeshivat Sha'alvim,,,,,TRUE
cmr9qkxzk002krumz0k379o8t,Yeshivat Sha'arei Mevaseret Zion,office@ysmz.org.il,,02-533-9100,https://www.ysmz.org/,FALSE
cmrapd0hy000gbkmzyqq11pi0,Yeshivat Shalom Rav,,,,,TRUE
cmrepges4001kpdmzsw0x31j2,Yeshivat Shilo,office@yshilo.co.il,,02-9942130,https://yshilo.co.il/%d7%a6%d7%95%d7%a8-%d7%a7%d7%a9%d7%a8/,FALSE
cmrepfu0r000ipdmz46s0beqk,Yeshivat Shirat Moshe (Meirim BeYafo),office@yafo.org.il,,077-4008796,https://yafo.org.il/,FALSE
cmrapchxg0008bkmzcud48s1x,Yeshivat Simchat Shlomo,info@shlomoyeshiva.org,,052-9393-302,https://www.ysstorah.org/contact-2,FALSE
cmrepg0g2000updmzovnb89ul,Yeshivat Tekoa,office@yeshivatekoa.org,,055-263-4616,https://www.yeshivatekoa.org/contact,FALSE
cmrepfqmo000cpdmz6mgzcmzp,Yeshivat Tfachot,office@yht.org.il,,04-6785148,https://www.yht.org.il/%d7%99%d7%a6%d7%99%d7%a8%d7%aa-%d7%a7%d7%a9%d7%a8/,FALSE
cmrem6yi40000rvmz50bbdhpp,Yeshivat Torah V'Avodah (YTVA),,,(212) 465-9536,https://www.ytvaisrael.org/contact-us/,FALSE
cmrapd5sv000ibkmzlix352vg,Yeshivat Toras Moshe (TOMO),,,,,TRUE
cmr8bgrf9001mvkmzlcmzzhrh,Yeshivat Torat Shraga,,,(02) 642-9907,https://toratshraga.com/contact/,FALSE
cmrk7co1f000ekimz30cxs6v9,Yeshivat Yesod HaTorah,info@yesodhatorah.org,,718-880-6193,https://yesodhatorah.org/contact/,FALSE
cmrem71ve0006rvmzgb7f5m63,Yeshivat Yishrei Lev,office@yishrei.org,,02-579-5985,https://yishrei.org/contact/,FALSE
cmr8bgrr90037vkmzh8t1lhn1,Young Judaea Gesher Israel,gesher@youngjudaea.org,,+1-917-595-2100,https://www.youngjudaea.org/programs/gesher/,FALSE
cmr8bgrrj0038vkmzn9at3dvw,Young Judaea Horizon Israel,teenisrael@youngjudaea.org,,+1-917-595-2100,https://www.youngjudaea.org/horizon-israel/,FALSE
cmr7sl7mh000hw9mz8902ii45,Young Judaea Year Course,,,,,TRUE
cmr8qbndx000gjbmzs4h960io,Young Judaea Year Course - Medical Track,yearcourse@youngjudaea.org,,+1-888-705-8933,https://www.youngjudaea.org/apply,FALSE
cmrx6vpo10000ylmzwxm61qrs,YU Israel Women's Campus,yuiprogram@yu.edu,,212.960.5400,https://go.yu.edu/israel-female-campus,FALSE
cmr8bgro4002rvkmzil2jvlc3,Yuval Yisrael (USY Israel Pilgrimage),,,(212) 533-7800 x 1,https://www.usy.org/summer-travel,FALSE
cmra8hy0w00047fmzagqnb1q7,Ziegler School Israel Summer Program,info@aju.edu,,(310) 476-9777,https://aju.edu/ziegler-rabbinical-school/contact/,FALSE
